,fname,text
0,t what we do,"t what we do.  What we do: technology for new businesses & startups incubator  Página cargandoKaleidersWhat we doCultureOur ProductsContactBlogWhat we do""Slow-cooked"" startup incubatorEvery six months we enjoy our Personal Innovation Week (PIWEEK). All Kaleidos stop everything to work for a week on any idea we come up with, no constraints whatsoever. check out our process discover our productsEvery six months we enjoy our Personal Innovation Week πWEEK, where all Kaleidos employees join us in a week-long hackathon. check out our process discover our productsOur processWe have a clear path for our product strategy. First, testing ideas with working prototypes. Second, internal MVP funded development. Third, newCo welcoming additional external seed funding. Finally, growth stage towards further independence from Kaleidos.Stage0PIWEEKGo to piweek sitePIWEEK is where everything starts or gets boosted. Every six months (in sunny July and cozy December), Kaleidos employees & friends set aside an entire week to work on their personal projects. Projects are pitched, teams are formed, agile is redefined and Friday demos are enjoyed. Visit the PIWEEK website.Stage1Continued developmentYear ISome PIWEEK projects that do not fall into the ""technological proof of concept"" or ""I wanted to learn this new skill"" can continue their life outside Kaleidos labour days. Employees might decide to invest their own personal time to evolve and enrich the platform or product and reach alpha stage.Stage2SelectionYear IIIt is then when Kaleidos might take a look at these alpha-stage projects and decide whether it should assign Kaleidos time to it and set new priorities company-wise. It might be 100% community driven or, in some rare cases, a potential business proposal can arise.Stage3Proper fundingYear IIIThis is not necessarily the ideal final stage for every project but for those that could thrive as an honest business proposal, funding is raised. Discover our products The three stage modelBy kaleidosWe prefer quality over quantity and focus over multitasking.This means we make sure not to overlap conflicting stages between products and make ample room for new ideas to flourish every two years.Our startups in numbers+ 20piweeks+ 200projects+ 60participants+ 6Cheese tastingsDo you like what you see?would you like to invest in us? get in touch Kaleidos INC Sucursal en EspañaMadridSpainContactTerms of useKaleidos Web SVG sprite "
1,t kaleiders FB6A6A,"t kaleiders FB6A6A.    Página cargandoKaleidersWhat we doCultureOur ProductsContactBlogPaula TienzaCommunications Specialist As a marketer, I focus on creating content that helps companies grow their brand and business. I want to think that not only do I help build brands but also help individuals. My life goal, though, is to move to the countryside one day and enjoy the slow life. Skating, dancing, almost any kind of music, mountains, environment, candy and cake, documentaries, cinema, period series. Paula's toolsWordpressTaigaPenpotMattermostNot just a pretty faceTaiga#agile, #managementFree. Open Source. Powerful. Taiga is a project management platform for startups and agile developers & designers. A Kaleidos start-up.Go to sitePenpot#UX, #design, #prototypeThe open-source solution for design and prototyping digital products and platforms. Early stage, but already considered as a potential Figma-killer.Go to siteOn the blog go to Paula's posts go to Paula's posts Kaleidos INC Sucursal en EspañaMadridSpainContactTerms of useKaleidos Web SVG sprite "
2,t kaleiders 00AAFF,"t kaleiders 00AAFF.  María Cano-Cortés - Kaleider  Página cargandoKaleidersWhat we doCultureOur ProductsContactBlogMaría Cano-CortésFront-end Developer I like to solve problems and programming is full of small problems! Working in Front and Back sides and learning the best tools I can find. Working with your hands to create things, to walk through the countryside, dance, music, film, books, food... María's toolsAngularCSS 3GitHTML 5JavascriptjQueryMySQLPHPSASSPostCSSWebpackPugVSCodeNot just a pretty faceDecathlon App#experience #app #ecommerce #segmentationRadically new Decathlon app in Spain used by 500K+ of users launched during the COVID19 scenario where online purchases skyrocketed.Go to siteExo Investing#INVESTMENT #MANAGEMENTYour investment co-pilot. EXO's goal is to democratise access to the industry's most advanced investment management tools.Go to siteTaiga#agile, #managementFree. Open Source. Powerful. Taiga is a project management platform for startups and agile developers & designers. A Kaleidos start-up.Go to siteOn the blog go to María's posts go to María's posts Kaleidos INC Sucursal en EspañaMadridSpainContactTerms of useKaleidos Web SVG sprite "
3,t kaleiders C4313B,"t kaleiders C4313B.  Aitor Moreno Melcón - Kaleider  Página cargandoKaleidersWhat we doCultureOur ProductsContactBlogAitor Moreno MelcónFullstack Developer Passionate developer with a focus on 2D/3D graphics, video and audio. Videogames, boardgames and skating Aitor's toolsGitJavascriptMongoDBNginxRedisVue.jsVSCodeDockerTaigaGStreamerFFMPEGNot just a pretty faceN-Leach by YARA#SIMULATIONS #SCIENCEScience based tool to simulate the impact of fertilizer. N-Leach illustrates the impact of irrigation on leaching risks.Go to siteYump LabA platform to provide a measurable impact on behavioural change for people. It is an immersive and videogame-like web experience, a 9 week program that uses custom made videopills for each individual.Go to siteSeeQuestor#machinelearning #video #crime #forensicMachine learning powered video forensic analysis platform to help law enforcement agencies solve major crimes.Go to sitePenpot#UX, #design, #prototypeThe open-source solution for design and prototyping digital products and platforms. Early stage, but already considered as a potential Figma-killer.Go to siteOn the blog go to Aitor's posts go to Aitor's posts Kaleidos INC Sucursal en EspañaMadridSpainContactTerms of useKaleidos Web SVG sprite "
4,t kaleiders 05E1DA,"t kaleiders 05E1DA.  Sonia Sánchez - Kaleider  Página cargandoKaleidersWhat we doCultureOur ProductsContactBlogSonia SánchezCommunications Specialist As a social person I like to use all the tools that the social media world offers to communicate and increase the impact. Always learning, always creating, always communicating. Padel, sneakers, photography, Call of duty, tv-shows, movies, Tony Stark and Back to the future Sonia's toolsGimpInkscapeMarkersWordpressTaigaPenpotShotcutMattermostNot just a pretty faceTaiga#agile, #managementFree. Open Source. Powerful. Taiga is a project management platform for startups and agile developers & designers. A Kaleidos start-up.Go to sitePenpot#UX, #design, #prototypeThe open-source solution for design and prototyping digital products and platforms. Early stage, but already considered as a potential Figma-killer.Go to siteOn the blog go to Sonia's posts go to Sonia's posts Kaleidos INC Sucursal en EspañaMadridSpainContactTerms of useKaleidos Web SVG sprite "
5,t ,"t .  Kaleidos: Values-driven partner for your tech-heavy startup  Página cargandoKaleidersWhat we doCultureOur ProductsContactBlogBeautiful tech, beautiful valuesWe seek to create transformational impact through our work. We incubate, fund and operate our own open-source based products. discover what we do Ester LatorreVisual DesignerDavid Barragán MerinoEngineer & Naive CyberactivistEva Marco DomínguezFront-end DeveloperEsther MorenoUser Experience DesignerMarina LópezFront-end DeveloperAndrés GonzálezUser ExperienceClara García ViñolaDesignerRamiro SánchezFront End DeveloperElena Alcalde RuedaCommunications SpecialistSonia SánchezCommunications SpecialistAndrey AntukhEngineerAndrés MoyaEngineerCarolina Alves PortugalCustomer Success ManagerAlonso TorresEngineerNatacha MenjibarDesignerAitor Moreno MelcónFullstack DeveloperTeresa de la TorreBack-end DeveloperYamila MorenoCOO & IngeniousPaula TienzaCommunications SpecialistMiryam González DuqueUser ExperienceAlejandro AlonsoCIOMarta ArdizonePeople specialistAlmudena SanzAudiovisual Content DesignerXavier JuliánFront-end DeveloperJuanfran AlcántaraEngineerPeter HanekampGrowth specialistJuan de la CruzDesignerPablo Ruiz MúzquizCEOPablo AlbaCTODaniel HerreroEngineerTechnology is not neutralAnd neither are weWe challenge all that we consider toxicWe use our privilege for good learn about our story learn about our story Kaleidos productsYou've probably heard it before. Companies encouraging employees to innovate and share their ideas. Kudos to that.So, at Kaleidos we take this to the next level: We go as far as to make some of those innovative ideas proper products and startups, owned by Kaleidos, employees and external investors.Taiga is an Open Source project management platform for cross-domain agile teams. Its rich feature set and intuitive user interface is enjoyed by 1M+ users worldwide. Visit Taiga The open-source design and prototyping tool for product teams. Designers and developers can finally work in unison to build designed software experiences that truly scale up. Visit Penpot on the blogspreading ourthoughts & know-howInnovation at Kaleidos: why, what and how#cultureOur commitment to innovation is not timid, it's part of our DNA.What these github repos stars are telling us#productsFive years ago we released Taiga to the world and it became an instant fav for thousands of agile teamsDesign, Open Source & Diversity#diversityHow the decisions we make in design might be excluding people. check out our blog We are in search of the next challenge let's get in touch let’s talk Kaleidos INC Sucursal en EspañaMadridSpainContactTerms of useKaleidos Web SVG sprite "
6,t kaleiders 34A7C1,"t kaleiders 34A7C1.  Andrés González - Kaleider  Página cargandoKaleidersWhat we doCultureOur ProductsContactBlogAndrés GonzálezUser Experience Full time UX/Interaction/Product/Whatever designer. Part time teacher. Limping runner. Andrés's toolsMarkersPost-itsTaigaPenpotNot just a pretty faceExo Investing#INVESTMENT #MANAGEMENTYour investment co-pilot. EXO's goal is to democratise access to the industry's most advanced investment management tools.Go to siteWorld's #1 Apparel Retailer#ECOMMERCE #CMSNext-gen e-commerce framework and content-management platform for a global segmented audience. Under NDA.HF-Predict#machinelearning #ehealth #timeseries #ICU #wearableThe first clinically accurate wearable device and machine learning software for predicting Heart Failure (HF) of a patient.Go to siteSeeQuestor#machinelearning #video #crime #forensicMachine learning powered video forensic analysis platform to help law enforcement agencies solve major crimes.Go to sitePenpot#UX, #design, #prototypeThe open-source solution for design and prototyping digital products and platforms. Early stage, but already considered as a potential Figma-killer.Go to siteOn the blog go to Andrés's posts go to Andrés's posts Kaleidos INC Sucursal en EspañaMadridSpainContactTerms of useKaleidos Web SVG sprite "
7,t kaleiders A5694F,"t kaleiders A5694F.  Andrey Antukh - Kaleider  Página cargandoKaleidersWhat we doCultureOur ProductsContactBlogAndrey AntukhEngineer Is a software engineer and open source enthusiast. He is very conscious with good software design and complex application architecture always searching the equilibrium between good design and a practical approach. On his free time he spends great amount of time researching and actively participating in open source and free software communities. Collaborating and developing open-sourced libraries, many of them related with security and cryptography. Technology, Reading, Travel, Sky, Psychedelic Trance music. Andrey's toolsAngularClojureDjangoGitGroovyHTML 5JavaJavascriptMechanical KeyboardNginxPostgreSQLPythonRabbitMQReactRedisSASSTaigaNot just a pretty faceWorld's #1 Apparel Retailer#ECOMMERCE #CMSNext-gen e-commerce framework and content-management platform for a global segmented audience. Under NDA.Salupro#EHEALTH #PLATFORMIt allows you to purchase medical equipment for your hospital from a huge list of suppliers and it will obtain the lowest total price for the entire shopping cart.Go to siteGonway#SOCIAL #WEBGonway is a social network that allows companies and students to meet and better know each other.Gem-Med#EHEALTH #PLATFORMPlatform for viewing and managing medical exams in cardiology. It sorts and filters and includes alarms based on exams & clinical sessions in real time.Yump LabA platform to provide a measurable impact on behavioural change for people. It is an immersive and videogame-like web experience, a 9 week program that uses custom made videopills for each individual.Go to siteWysh#PLATFORM #TRAVELA new way of designing, planning and enjoy your travel. It gets rid of intermediaries to empower both travellers and local attractions. Trips are a more honest and authentic experience.SeeQuestor#machinelearning #video #crime #forensicMachine learning powered video forensic analysis platform to help law enforcement agencies solve major crimes.Go to siteTaiga#agile, #managementFree. Open Source. Powerful. Taiga is a project management platform for startups and agile developers & designers. A Kaleidos start-up.Go to siteOn the blog go to Andrey's posts Penpot chose Clojure as its language and here’s why #Design  #Open source  #English  #Clojure  This is probably the question we’ve been asked the most at Penpot. We have a vague explanation in our FAQ page, so with this article I’ll try to explain a bit the motivations and spirit behind each decision. The rationale is multi-faceted. go to Andrey's posts Kaleidos INC Sucursal en EspañaMadridSpainContactTerms of useKaleidos Web SVG sprite "
8,t kaleiders FF7C6A,"t kaleiders FF7C6A.  Ester Latorre - Kaleider  Página cargandoKaleidersWhat we doCultureOur ProductsContactBlogEster LatorreVisual Designer Designer at dawn, illustrator at dusk. I love books, ceramics and any activity in the ""art attack"" realm. I also love songs and playing 'Stop!' Ester's toolsCSS 3GimpHTML 5InkscapeTaigaPenpotNot just a pretty faceDecathlon App#experience #app #ecommerce #segmentationRadically new Decathlon app in Spain used by 500K+ of users launched during the COVID19 scenario where online purchases skyrocketed.Go to sitePenpot#UX, #design, #prototypeThe open-source solution for design and prototyping digital products and platforms. Early stage, but already considered as a potential Figma-killer.Go to siteOn the blog go to Ester's posts Exquis: the perfect tool for warm ups and icebreakers #ΠWEEK  #Innovation  #Design  #Open source  #English  If you’re looking for a different way to open up your retrospectives, your meetings or workshops of any kind, Exquis could be the perfect tool for a fun warm up or ice breaking session. Exquis is an online tool to create collaborative surrealist images. go to Ester's posts Kaleidos INC Sucursal en EspañaMadridSpainContactTerms of useKaleidos Web SVG sprite "
9,t kaleiders C8B5FF,"t kaleiders C8B5FF.  Carolina Alves Portugal - Kaleidos  Página cargandoKaleidersWhat we doCultureOur ProductsContactBlogCarolina Alves PortugalCustomer Success Manager My multicultural and multidisciplinary background together with my inexhaustible curiosity means I always look for new ways to solve problems. I’m passionate about innovation with a people-centric approach. Maker, nomad and day dreamer. Always looking for new experiences. Carolina's toolsTaigaPenpotMattermostGrafanaMatomoNot just a pretty faceTaiga#agile, #managementFree. Open Source. Powerful. Taiga is a project management platform for startups and agile developers & designers. A Kaleidos start-up.Go to sitePenpot#UX, #design, #prototypeThe open-source solution for design and prototyping digital products and platforms. Early stage, but already considered as a potential Figma-killer.Go to siteOn the blog go to Carolina's posts go to Carolina's posts Kaleidos INC Sucursal en EspañaMadridSpainContactTerms of useKaleidos Web SVG sprite "
10,t kaleiders 006F9B,"t kaleiders 006F9B.  Kaleiders: Kaleidos employees, most co-founders & owners  Página cargandoKaleidersWhat we doCultureOur ProductsContactBlogElena Alcalde RuedaCommunications Specialist As a corporate communications specialist, I have developed multiple roles ranging from public relations, marketing or content editor. What really was a turning point in my career was to start working for companies with the purpose of creating positive social impact. Bicycle as a means of transportation, writing, traveling, nature sports, dancing -specially swing-, live music and all kinds of fruits. Elena's toolsWordpressTaigaPenpotMattermostNot just a pretty faceTaiga#agile, #managementFree. Open Source. Powerful. Taiga is a project management platform for startups and agile developers & designers. A Kaleidos start-up.Go to sitePenpot#UX, #design, #prototypeThe open-source solution for design and prototyping digital products and platforms. Early stage, but already considered as a potential Figma-killer.Go to siteOn the blog go to Elena's posts go to Elena's posts Kaleidos INC Sucursal en EspañaMadridSpainContactTerms of useKaleidos Web SVG sprite "
11,t kaleiders FFA500,"t kaleiders FFA500.    Página cargandoKaleidersWhat we doCultureOur ProductsContactBlogPeter HanekampGrowth specialist Growth specialist, chasing anything that is needed to make growth happen. I Love to bring people together, ideally those who don´t know each other, and serve them good food and wine. Trying to stay fit running marathons and trails. Peter's toolsTaigaPenpotMattermostGrafanaMatomoNot just a pretty faceTaiga#agile, #managementFree. Open Source. Powerful. Taiga is a project management platform for startups and agile developers & designers. A Kaleidos start-up.Go to sitePenpot#UX, #design, #prototypeThe open-source solution for design and prototyping digital products and platforms. Early stage, but already considered as a potential Figma-killer.Go to siteOn the blog go to Peter's posts go to Peter's posts Kaleidos INC Sucursal en EspañaMadridSpainContactTerms of useKaleidos Web SVG sprite "
12,t what we do startups,"t what we do startups.  What we do: technology for new businesses & startups incubator  Página cargandoKaleidersWhat we doCultureOur ProductsContactBlogWhat we do""Slow-cooked"" startup incubatorEvery six months we enjoy our Personal Innovation Week (PIWEEK). All Kaleidos stop everything to work for a week on any idea we come up with, no constraints whatsoever. check out our process discover our productsEvery six months we enjoy our Personal Innovation Week πWEEK, where all Kaleidos employees join us in a week-long hackathon. check out our process discover our productsOur processWe have a clear path for our product strategy. First, testing ideas with working prototypes. Second, internal MVP funded development. Third, newCo welcoming additional external seed funding. Finally, growth stage towards further independence from Kaleidos.Stage0PIWEEKGo to piweek sitePIWEEK is where everything starts or gets boosted. Every six months (in sunny July and cozy December), Kaleidos employees & friends set aside an entire week to work on their personal projects. Projects are pitched, teams are formed, agile is redefined and Friday demos are enjoyed. Visit the PIWEEK website.Stage1Continued developmentYear ISome PIWEEK projects that do not fall into the ""technological proof of concept"" or ""I wanted to learn this new skill"" can continue their life outside Kaleidos labour days. Employees might decide to invest their own personal time to evolve and enrich the platform or product and reach alpha stage.Stage2SelectionYear IIIt is then when Kaleidos might take a look at these alpha-stage projects and decide whether it should assign Kaleidos time to it and set new priorities company-wise. It might be 100% community driven or, in some rare cases, a potential business proposal can arise.Stage3Proper fundingYear IIIThis is not necessarily the ideal final stage for every project but for those that could thrive as an honest business proposal, funding is raised. Discover our products The three stage modelBy kaleidosWe prefer quality over quantity and focus over multitasking.This means we make sure not to overlap conflicting stages between products and make ample room for new ideas to flourish every two years.Our startups in numbers+ 20piweeks+ 200projects+ 60participants+ 6Cheese tastingsDo you like what you see?would you like to invest in us? get in touch Kaleidos INC Sucursal en EspañaMadridSpainContactTerms of useKaleidos Web SVG sprite "
13,t kaleiders 33FF99,"t kaleiders 33FF99.  Clara García Viñola - Kaleider  Página cargandoKaleidersWhat we doCultureOur ProductsContactBlogClara García ViñolaDesigner Because everybody deserves to see the beauty around them, design is my small way to contribute to the world. I love to see ideas coming to reality. Books, art, heavy metal and films lover. Adventurous child’s mind in a woman’s body. Clara's toolsScrumCSS 3GimpHTML 5InkscapePost-itsTaigaPenpotNot just a pretty faceAssets Management#MACHINELEARNING #RISK #REPORTING #SAVINGSMachine-learning assisted risk management platform for multi-million-dollar utilities assets. It crunchs data and output knowledge to mitigate risk the smart way.Penpot#UX, #design, #prototypeThe open-source solution for design and prototyping digital products and platforms. Early stage, but already considered as a potential Figma-killer.Go to siteOn the blog go to Clara's posts Why Open Source? #Innovation  #Design  #Open source  #English  In recent years, companies have increased their trust in open source and the capacity of developer communities to create open, inclusive and high-quality technologies. This is a very positive transformation that we should take advantage of and support.Atreverse con el Open Source #Culture  #Innovation  #Open source  #Español  En los últimos años, ha aumentado la confianza de las empresas en el open source y en la capacidad de las comunidades de desarrolladores para construir tecnologías de alta calidad, inclusivas y abiertas. Supone una transformación muy positiva que debemos aprovechar y apoyar. go to Clara's posts Kaleidos INC Sucursal en EspañaMadridSpainContactTerms of useKaleidos Web SVG sprite "
14,t kaleiders 32BDA0,"t kaleiders 32BDA0.  Miryam González Duque - Kaleider  Página cargandoKaleidersWhat we doCultureOur ProductsContactBlogMiryam González DuqueUser Experience I love the idea of connecting with users through design and making them feel heard. Design affects peoples lifes deeply, and I aim to participate in projects that will really help them, help us. Fantasy books fan, Terry Pratchett mega fan, pottery, 90s music, tv series, Flight of the Conchords, cats, peanut butter, knitting, crochet, DIY, ecology, minimalism, cities, cats, cats. Miryam's toolsMarkersPost-itsTaigaPenpotNot just a pretty faceQuanter#agile, #estimationYour Agile estimation experience. Save costs in software development through a clear and objective estimation.Go to siteHF-Predict#machinelearning #ehealth #timeseries #ICU #wearableThe first clinically accurate wearable device and machine learning software for predicting Heart Failure (HF) of a patient.Go to siteAssets Management#MACHINELEARNING #RISK #REPORTING #SAVINGSMachine-learning assisted risk management platform for multi-million-dollar utilities assets. It crunchs data and output knowledge to mitigate risk the smart way.Taiga#agile, #managementFree. Open Source. Powerful. Taiga is a project management platform for startups and agile developers & designers. A Kaleidos start-up.Go to siteOn the blog go to Miryam's posts Patio y los seis principios de diseño de producto #Design  #Español  En este post cuento cómo y por qué creamos nuestros propios principios de diseño para uno de nuestros proyectos en Kaleidos, Patio, y lo que aprendimos en el proceso. go to Miryam's posts Kaleidos INC Sucursal en EspañaMadridSpainContactTerms of useKaleidos Web SVG sprite "
15,t kaleiders 002E33,"t kaleiders 002E33.  Andrés Moya - Kaleider  Página cargandoKaleidersWhat we doCultureOur ProductsContactBlogAndrés MoyaEngineer Software Engineer with a long experience in large, medium, small and _tiny_ companies. I love well made code, object-oriented design and development methodologies. I deeply care about the ethical and human side of things. Science and technology, philosophy, politics, hacktivism, reading, Tolkien, listening & playing celtic, classical and metal music, RPGs, nature, biking, taichi, wushu, yoga and meditation. Andrés's toolsAngularApacheClojureScrumCSS 3DjangoGimpGitGNUGulpjsHTML 5JavascriptLESSLinuxMySQLNginxPostgreSQLPythonReactVimWordpressVue.jsPostCSSWebpackNode.jsIonicTaigaNot just a pretty faceWorld's #1 Apparel Retailer#ECOMMERCE #CMSNext-gen e-commerce framework and content-management platform for a global segmented audience. Under NDA.Guía Repsol#DATAMODEL #WEBComprehensive travel guide. A powerful CMS system, a complex data model and a sophisticated map plus a mobile-ready webapp.Go to siteN-Leach by YARA#SIMULATIONS #SCIENCEScience based tool to simulate the impact of fertilizer. N-Leach illustrates the impact of irrigation on leaching risks.Go to siteGonway#SOCIAL #WEBGonway is a social network that allows companies and students to meet and better know each other.Taiga#agile, #managementFree. Open Source. Powerful. Taiga is a project management platform for startups and agile developers & designers. A Kaleidos start-up.Go to siteCuVitt#PLATFORM #RECRUITINGTransforming the recruiting process: an intelligent CV that converts into valuable data the key characteristics in people. The company was acquired after a successful technical due dilligence.Penpot#UX, #design, #prototypeThe open-source solution for design and prototyping digital products and platforms. Early stage, but already considered as a potential Figma-killer.Go to siteOn the blog go to Andrés's posts Balance del Bien Común 3/5: Personas empleadas #Culture  #Español  #KaleidosEBC  Continuamos la serie de posts donde explicamos con detalle el resultado del Balance del Bien Común de Kaleidos. En este post hablaremos de las personas empleadas y veremos qué margen de mejora podemos recorrer.Balance del Bien Común 2/5: Propietarios #Culture  #KaleidosEBC  Continuamos la serie de posts donde explicamos con detalle el resultado del Balance del Bien Común de Kaleidos. En este post hablaremos de los propietarios y proveedores financieros, un aspecto el que Kaleidos destaca con algunas características poco usuales en el sector. go to Andrés's posts Kaleidos INC Sucursal en EspañaMadridSpainContactTerms of useKaleidos Web SVG sprite "
16,t kaleiders 73C2FB,"t kaleiders 73C2FB.  Kaleiders: Kaleidos employees, most co-founders & owners  Página cargandoKaleidersWhat we doCultureOur ProductsContactBlogPrimitivo CacheroEngineer ex-kaleider Software Engineer, I develop applications using Django and Python, and any other technology (PHP, Android). I started in the free software world taking part in the Ubuntu communities of Asturias (ubuntu-ast) and Ubuntu-Hispano, performing various tasks; bug detection, beta tester and translations. Sports, nature, travel, android, linux, photography. Primitivo's toolsAndroidJavaMySQLPostgreSQLPythonNot just a pretty faceCuVitt#PLATFORM #RECRUITINGTransforming the recruiting process: an intelligent CV that converts into valuable data the key characteristics in people. The company was acquired after a successful technical due dilligence.On the blog go to Primitivo's posts go to Primitivo's posts Kaleidos INC Sucursal en EspañaMadridSpainContactTerms of useKaleidos Web SVG sprite "
17,t kaleiders CC0000,"t kaleiders CC0000.  Xavier Julián - Kaleider  Página cargandoKaleidersWhat we doCultureOur ProductsContactBlogXavier JuliánFront-end Developer Front-end developer, if that still means anything. Or rather, some kind of interface developer with a design background who is strongly interested in user experience and has a passion for code. Deeply interested in the human side of web development, especially diversity and self-management. Politics, cultures, Mediterranean, anthropology, history, food, beach, books and Jefferson Airplane. Xavier's toolsAngularScrumCSS 3GimpGitHTML 5InkscapeJavascriptLinuxVue.jsPostCSSVSCodeTypeScriptFlutterTaigaRXJsNVDANot just a pretty faceWorld's #1 Apparel Retailer#ECOMMERCE #CMSNext-gen e-commerce framework and content-management platform for a global segmented audience. Under NDA.Salupro#EHEALTH #PLATFORMIt allows you to purchase medical equipment for your hospital from a huge list of suppliers and it will obtain the lowest total price for the entire shopping cart.Go to siteGonway#SOCIAL #WEBGonway is a social network that allows companies and students to meet and better know each other.Yump LabA platform to provide a measurable impact on behavioural change for people. It is an immersive and videogame-like web experience, a 9 week program that uses custom made videopills for each individual.Go to siteAssets Management#MACHINELEARNING #RISK #REPORTING #SAVINGSMachine-learning assisted risk management platform for multi-million-dollar utilities assets. It crunchs data and output knowledge to mitigate risk the smart way.Taiga#agile, #managementFree. Open Source. Powerful. Taiga is a project management platform for startups and agile developers & designers. A Kaleidos start-up.Go to siteDecathlon Sport Meeting#People #SportsDecathlon Sport Meeting is an online platform that aims to unite people through sport.Go to siteCuVitt#PLATFORM #RECRUITINGTransforming the recruiting process: an intelligent CV that converts into valuable data the key characteristics in people. The company was acquired after a successful technical due dilligence.On the blog go to Xavier's posts go to Xavier's posts Kaleidos INC Sucursal en EspañaMadridSpainContactTerms of useKaleidos Web SVG sprite "
18,t kaleiders 720B34,"t kaleiders 720B34.  Esther Moreno - Kaleider  Página cargandoKaleidersWhat we doCultureOur ProductsContactBlogEsther MorenoUser Experience Designer Full-time UX designer, and part-time illustrator and visual designer. I love solving problems, specially if that helps making the others lives feel better :) Comics (specially european), anime, illustration, reading (I dig fantasy books), LEGO fan, building and inventing with my hands Esther's toolsInkscapeMarkersPost-itsTaigaPenpotNot just a pretty faceDecathlon App#experience #app #ecommerce #segmentationRadically new Decathlon app in Spain used by 500K+ of users launched during the COVID19 scenario where online purchases skyrocketed.Go to siteWorld's #1 Apparel Retailer#ECOMMERCE #CMSNext-gen e-commerce framework and content-management platform for a global segmented audience. Under NDA.Taiga#agile, #managementFree. Open Source. Powerful. Taiga is a project management platform for startups and agile developers & designers. A Kaleidos start-up.Go to siteOn the blog go to Esther's posts go to Esther's posts Kaleidos INC Sucursal en EspañaMadridSpainContactTerms of useKaleidos Web SVG sprite "
19,t kaleiders FFF8E7,"t kaleiders FFF8E7.  David Barragán Merino - Kaleider  Página cargandoKaleidersWhat we doCultureOur ProductsContactBlogDavid Barragán MerinoEngineer & Naive Cyberactivist A ""whatever"" developer, promiscuous techie eager for new challenges and adventures. I'm passionate about new technologies, especially everything related to Web, usability and accessibility. I'm interested in architectural design, the good programming practices and the open source world. Technology, programming, web, music, gazpacho, movies, tv series, reading, sports, travel, adventure, colorful apples, flying cows. David's toolsAngularCSS 3GitHTML 5JavaJavascriptLinuxMechanical KeyboardMongoDBPostgreSQLPythonReactRedisVimVue.jsPostCSSWebpackDockerTypeScriptFlutterTaigaNot just a pretty faceSalupro#EHEALTH #PLATFORMIt allows you to purchase medical equipment for your hospital from a huge list of suppliers and it will obtain the lowest total price for the entire shopping cart.Go to siteGuía Repsol#DATAMODEL #WEBComprehensive travel guide. A powerful CMS system, a complex data model and a sophisticated map plus a mobile-ready webapp.Go to siteGonway#SOCIAL #WEBGonway is a social network that allows companies and students to meet and better know each other.HF-Predict#machinelearning #ehealth #timeseries #ICU #wearableThe first clinically accurate wearable device and machine learning software for predicting Heart Failure (HF) of a patient.Go to siteAssets Management#MACHINELEARNING #RISK #REPORTING #SAVINGSMachine-learning assisted risk management platform for multi-million-dollar utilities assets. It crunchs data and output knowledge to mitigate risk the smart way.Taiga#agile, #managementFree. Open Source. Powerful. Taiga is a project management platform for startups and agile developers & designers. A Kaleidos start-up.Go to siteCuVitt#PLATFORM #RECRUITINGTransforming the recruiting process: an intelligent CV that converts into valuable data the key characteristics in people. The company was acquired after a successful technical due dilligence.On the blog go to David's posts go to David's posts Kaleidos INC Sucursal en EspañaMadridSpainContactTerms of useKaleidos Web SVG sprite "
20,t kaleiders FC8EAC,"t kaleiders FC8EAC.  Alejandro Alonso - Kaleider  Página cargandoKaleidersWhat we doCultureOur ProductsContactBlogAlejandro AlonsoCIO Chief Innovation Officer (CIO). Always watchful for the new horizons that appear in the free software world and around its vibrant community so I can stay next to the ""bleeding edge"". I like to see myself as a sort of ninja-developer-security-concerned-fire-fighter with an extra bunch of responsibilities tied to my position :) Inline skating, skiboarding, martial arts, programming, technology, sci fi, travelling, Elvis, hello kitty, Richard Stallman, DIY stuff Alejandro's toolsAndroidAngularAtomBackbone.jsCoffeeScriptScrumCSS 3DjangoGitGNUGulpjsHTML 5JavascriptjQueryLESSLinuxMongoDBMySQLNginxPostgreSQLPythonRabbitMQSASSVue.jsMicronautDockerNativeScriptTypeScriptTaigaNot just a pretty faceDecathlon App#experience #app #ecommerce #segmentationRadically new Decathlon app in Spain used by 500K+ of users launched during the COVID19 scenario where online purchases skyrocketed.Go to siteTOKAI#EHEALTH #PLATFORMThe game changer in allergies. A novel platform technology for multiplexed testing that is revolutionising the way allergies are tested for and managed.World's #1 Apparel Retailer#ECOMMERCE #CMSNext-gen e-commerce framework and content-management platform for a global segmented audience. Under NDA.Salupro#EHEALTH #PLATFORMIt allows you to purchase medical equipment for your hospital from a huge list of suppliers and it will obtain the lowest total price for the entire shopping cart.Go to siteGuía Repsol#DATAMODEL #WEBComprehensive travel guide. A powerful CMS system, a complex data model and a sophisticated map plus a mobile-ready webapp.Go to siteGonway#SOCIAL #WEBGonway is a social network that allows companies and students to meet and better know each other.Gem-Med#EHEALTH #PLATFORMPlatform for viewing and managing medical exams in cardiology. It sorts and filters and includes alarms based on exams & clinical sessions in real time.Taiga#agile, #managementFree. Open Source. Powerful. Taiga is a project management platform for startups and agile developers & designers. A Kaleidos start-up.Go to siteOn the blog go to Alejandro's posts go to Alejandro's posts Kaleidos INC Sucursal en EspañaMadridSpainContactTerms of useKaleidos Web SVG sprite "
21,t kaleiders 492858,"t kaleiders 492858.  Natacha Menjibar - Kaleider  Página cargandoKaleidersWhat we doCultureOur ProductsContactBlogNatacha MenjibarDesigner Design Worker. I'm interested not only in the Visual part of the web, its User Experience and Usability but also in ethical design. Mostly self taught. Sci Fi & Fantasy books & TV series. Cosmic Horror fan, Roleplaying, MMORPGs, Broccoli advocate, Rock & Metal. I love memes, cats and Alpacas. Free Software enthusiast Natacha's toolsCSS 3GimpGNUHTML 5InkscapeLinuxMechanical KeyboardBlenderTaigaPenpotNVDANot just a pretty faceTaiga#agile, #managementFree. Open Source. Powerful. Taiga is a project management platform for startups and agile developers & designers. A Kaleidos start-up.Go to sitePenpot#UX, #design, #prototypeThe open-source solution for design and prototyping digital products and platforms. Early stage, but already considered as a potential Figma-killer.Go to siteOn the blog go to Natacha's posts go to Natacha's posts Kaleidos INC Sucursal en EspañaMadridSpainContactTerms of useKaleidos Web SVG sprite "
22,t kaleiders 4B0082,"t kaleiders 4B0082.  Kaleiders: Kaleidos employees, most co-founders & owners  Página cargandoKaleidersWhat we doCultureOur ProductsContactBlogIván López MartínEngineer ex-kaleider Software Engineer and Systems Administrator. Everyday, I look forward to learning and enjoying at my job. I think I qualify for the ""Geek Dad"" definition and so I share my passion for technology and free software with my two daughters. Technology, TV series, Gadgets, Linux, reading, nerf wars, my two little daughters. Iván's toolsAndroidGitGNUGrailsGroovyJavaLinuxNginxPostgreSQLRabbitMQRedisNot just a pretty faceYump LabA platform to provide a measurable impact on behavioural change for people. It is an immersive and videogame-like web experience, a 9 week program that uses custom made videopills for each individual.Go to siteSeeQuestor#machinelearning #video #crime #forensicMachine learning powered video forensic analysis platform to help law enforcement agencies solve major crimes.Go to siteDecathlon Sport Meeting#People #SportsDecathlon Sport Meeting is an online platform that aims to unite people through sport.Go to siteOn the blog go to Iván's posts go to Iván's posts Kaleidos INC Sucursal en EspañaMadridSpainContactTerms of useKaleidos Web SVG sprite "
23,t kaleiders D87093,"t kaleiders D87093.  Marta Ardizone - Kaleider  Página cargandoKaleidersWhat we doCultureOur ProductsContactBlogMarta ArdizonePeople specialist As a people specialist, my passion is working for, and with, my workmates. Empowering and encouraging a culture of learning. Create work environments that focus on nurturing workmates' relationships and driving equity, diversity, and inclusion. Travelling, padel, cat trainer, latin dances, zombie & gangsters films and food lover. Long live homemade croquettes and spanish tortilla with onion! Marta's toolsTaigaPenpotNot just a pretty faceTaiga#agile, #managementFree. Open Source. Powerful. Taiga is a project management platform for startups and agile developers & designers. A Kaleidos start-up.Go to sitePenpot#UX, #design, #prototypeThe open-source solution for design and prototyping digital products and platforms. Early stage, but already considered as a potential Figma-killer.Go to siteOn the blog go to Marta's posts go to Marta's posts Kaleidos INC Sucursal en EspañaMadridSpainContactTerms of useKaleidos Web SVG sprite "
24,t our work seequestor,"t our work seequestor.  Kaleidos.net  Página cargandoKaleidersWhat we doCultureOur ProductsContactBlog404UH OH! Sorry, the page you were looking for was not found.Meanwhile we offer you one of our crazy moments at Kaleidos. back to home Kaleidos INC Sucursal en EspañaMadridSpainContactTerms of useKaleidos Web SVG sprite "
25,t kaleiders 000087,"t kaleiders 000087.  Samuel Gómez - Kaleider  Página cargandoKaleidersWhat we doCultureOur ProductsContactBlogSamuel GómezFront-end Developer FrontEnd Developer, I research, learn and look for solutions to create the future of the web. HTML, CSS and JavaScript are my best skills to achieve it. I love rollerblading, climbing, fiction movies and books, play with legos and classic videogames. Samuel's toolsAngularAtomBackbone.jsCSS 3GimpGitGruntGulpjsHTML 5JavascriptjQueryLESSReactSASSPostCSSWebpackNot just a pretty faceDecathlon App#experience #app #ecommerce #segmentationRadically new Decathlon app in Spain used by 500K+ of users launched during the COVID19 scenario where online purchases skyrocketed.Go to siteQuanter#agile, #estimationYour Agile estimation experience. Save costs in software development through a clear and objective estimation.Go to siteHF-Predict#machinelearning #ehealth #timeseries #ICU #wearableThe first clinically accurate wearable device and machine learning software for predicting Heart Failure (HF) of a patient.Go to siteOn the blog go to Samuel's posts go to Samuel's posts Kaleidos INC Sucursal en EspañaMadridSpainContactTerms of useKaleidos Web SVG sprite "
26,t kaleiders 6AFFC5,"t kaleiders 6AFFC5.  Almudena Sanz - Kaleider  Página cargandoKaleidersWhat we doCultureOur ProductsContactBlogAlmudena SanzAudiovisual Content Designer Visual adventurer, editor and motion grapher. Communicating through rhythm. I love the creative possibilities of audiovisual language. Classic films, plants, boardgames, books and music. Almudena's toolsGimpInkscapeBlenderTaigaPenpotFFMPEGOliveKdenliveVLCOBS StudioAudacityNot just a pretty faceTaiga#agile, #managementFree. Open Source. Powerful. Taiga is a project management platform for startups and agile developers & designers. A Kaleidos start-up.Go to sitePenpot#UX, #design, #prototypeThe open-source solution for design and prototyping digital products and platforms. Early stage, but already considered as a potential Figma-killer.Go to siteOn the blog go to Almudena's posts go to Almudena's posts Kaleidos INC Sucursal en EspañaMadridSpainContactTerms of useKaleidos Web SVG sprite "
27,t products,"t products.  Kaleidos Startups: our own open-source products  Página cargandoKaleidersWhat we doCultureOur ProductsContactBlogOur ProductsYou've probably heard it before. Companies encouraging employees to innovate and share their ideas. Yeah, kudos to that.So, at Kaleidos we take this to the next level: We go as far as to make some of those innovative ideas our successful open source products.Taiga is an Open Source project management platform for cross-domain agile teams. Its rich feature set and intuitive user interface is enjoyed by 1M+ users worldwide. Visit Taiga The open-source design and prototyping tool for product teams. Designers and developers can finally work in unison to build designed software experiences that truly scale up. Visit Penpot Other products we've launchedCocoMaterial#illustration, #creativeCocoMaterial is an open source hand-drawn illustration library.Go to siteIcarus#real-time #weatherReal-time space weather station focusing on our Sun.ABC de Irene#APPS #SOCIALGOODWriting learning app for children with hemiparesis.Go to sitePATIO#STARTUPS #WELLBEINGThe singlest most useful temperature mood check for teams.Mustachio#DESIGN #FUNThe amazing online avatar design tool. With free mustachios!Go to siteInfinite Overlord#videogames #funA take on a visually appealing incremental game with some 4X game elements.BetOver#APPS #SOCIALGOODCitizenship watch over neighbourhood betting shops.Jannie 5#ROBOTICS #FUNReversed-engineered body controlled droneThe processEvery six months we enjoy our Personal Innovation Week (PIWEEK). During that week all Kaleidos employees leave their ongoing work on their external projects. Friends and people from other companies are invited to join us in this week-long hackathon.Great working prototypes are presented every PIWEEK. From all of them we select a few. They are funded and launched as spin-out companies owned by Kaleidos and the involved employees.PIWEEKContinued developmentSelectionFunding a new company take a look at our detailed process How we workAgileWe embraced the agile framework more than a decade ago and we have never stopped learning and adapting it for our projects.Cross-domainWe believe in skill diversity within the team. UX, UI, Front, Back, all enjoying one fruitful conversation from inception to conclusion.AutonomyKaleidos teams are mature self-managed groups of top notch people that take full responability and are committed till the very end.CommunityThere are many shades of partnership. Our choice is the one that actively engages with the broader user and contributor communityOur toolsWe praise them. They empower us.Some people see them as tools only, a means to and end, but we know the journey matters and our choice of software should share our worldview.Technology is not neutral and neither we are.We praise them. They empower us.Some people see them as tools only, a means to and end, but we know the journey matters and our choice of software should share our worldview.Technology is not neutral and neither we are.Do you like what you see?would you like to invest in us? get in touch Kaleidos INC Sucursal en EspañaMadridSpainContactTerms of useKaleidos Web SVG sprite "
28,t kaleiders D70A53,"t kaleiders D70A53.  Yamila Moreno - Kaleider  Página cargandoKaleidersWhat we doCultureOur ProductsContactBlogYamila MorenoCOO & Ingenious ""... the undoer of injustice, (I can make them, though), the righter of wrongs"", the lash of Python, the fury of Docker. In my spare time, I am ""the protector of damsels, the terror of giants, and the winner of battles"". ""... gave himself up to reading books of chivalry with such ardour and avidity that he almost entirely neglected the pursuit of his field-sports, and even the management of his property... "" Yamila's toolsDjangoGitGNULinuxPostgreSQLPythonVimDockerAnsibleTaigaNot just a pretty faceExo Investing#INVESTMENT #MANAGEMENTYour investment co-pilot. EXO's goal is to democratise access to the industry's most advanced investment management tools.Go to siteQuanter#agile, #estimationYour Agile estimation experience. Save costs in software development through a clear and objective estimation.Go to siteGuía Repsol#DATAMODEL #WEBComprehensive travel guide. A powerful CMS system, a complex data model and a sophisticated map plus a mobile-ready webapp.Go to siteGonway#SOCIAL #WEBGonway is a social network that allows companies and students to meet and better know each other.Gem-Med#EHEALTH #PLATFORMPlatform for viewing and managing medical exams in cardiology. It sorts and filters and includes alarms based on exams & clinical sessions in real time.HF-Predict#machinelearning #ehealth #timeseries #ICU #wearableThe first clinically accurate wearable device and machine learning software for predicting Heart Failure (HF) of a patient.Go to siteAssets Management#MACHINELEARNING #RISK #REPORTING #SAVINGSMachine-learning assisted risk management platform for multi-million-dollar utilities assets. It crunchs data and output knowledge to mitigate risk the smart way.SeeQuestor#machinelearning #video #crime #forensicMachine learning powered video forensic analysis platform to help law enforcement agencies solve major crimes.Go to siteOn the blog go to Yamila's posts go to Yamila's posts Kaleidos INC Sucursal en EspañaMadridSpainContactTerms of useKaleidos Web SVG sprite "
29,t kaleiders 0F0F0F,"t kaleiders 0F0F0F.  Teresa de la Torre  Página cargandoKaleidersWhat we doCultureOur ProductsContactBlogTeresa de la TorreBack-end Developer ""Sisters in battle, I am shield and bow to you. As I breathe, your enemies will know no sanctuary. While I live, your cause is mine"". Horseback archer, avid reader and cinephile about science fiction and fantasy, batukada, ukelele and violin lover, traveler and rider of Rohan. Teresa's toolsAngularBackbone.jsCoffeeScriptScrumDjangoGitJavascriptjQueryLinuxMySQLPostgreSQLPythonVSCodeDockerTypeScriptIonicTaigaNot just a pretty faceWorld's #1 Apparel Retailer#ECOMMERCE #CMSNext-gen e-commerce framework and content-management platform for a global segmented audience. Under NDA.Guía Repsol#DATAMODEL #WEBComprehensive travel guide. A powerful CMS system, a complex data model and a sophisticated map plus a mobile-ready webapp.Go to siteGonway#SOCIAL #WEBGonway is a social network that allows companies and students to meet and better know each other.Taiga#agile, #managementFree. Open Source. Powerful. Taiga is a project management platform for startups and agile developers & designers. A Kaleidos start-up.Go to siteCuVitt#PLATFORM #RECRUITINGTransforming the recruiting process: an intelligent CV that converts into valuable data the key characteristics in people. The company was acquired after a successful technical due dilligence.On the blog go to Teresa's posts go to Teresa's posts Kaleidos INC Sucursal en EspañaMadridSpainContactTerms of useKaleidos Web SVG sprite "
30,t culture,"t culture.  Culture: the Kaleider way of things  Página cargandoKaleidersWhat we doCultureOur ProductsContactBlogCultureOur culture represents the set of ideas, knowledge and traditions that we stand for.It’s not by chance that we have a strong culture based on specific values. When in 2011, amidst the financial crisis, we left our safe jobs at a big corp to create a place we’d love to work at, we knew how privileged we were.We tirelessly work to put our skills and expertise to good use. In other words, we make sure we are playing an active role in building a better society.We have very clear red lines.Pursuing diversity or open source is smart; Honestly, even more important, we believe it's simply fair.Transparency Honesty Joy Work-life balance Generosity Feminism Transparency Honesty Joy Work-life balance Generosity Feminism Transparency Honesty Joy Work-life balance Generosity Feminism Transparency Honesty Joy Work-life balance Generosity Feminism Transparency Honesty Joy Work-life balance Generosity Feminism Transparency Honesty Joy Work-life balance Generosity Feminism Transparency Honesty Joy Work-life balance Generosity Feminism Transparency Honesty Joy Work-life balance Generosity Feminism Transparency Honesty Joy Work-life balance Generosity Feminism Transparency Honesty Joy Work-life balance Generosity Feminism Transparency Honesty Joy Work-life balance Generosity Feminism Transparency Honesty Joy Work-life balance Generosity Feminism Transparency Honesty Joy Work-life balance Generosity Feminism Our journey starts here2011JulyIn 2011 fourteen people decided to leave their well-paid secure jobs at a big corp and create a new company. The first name of this company was Ars Code. Fortunately, it was short-lived and it was changed to Kaleidos.antonio de la torrePablo ruizAlejandro Alonsoprimitivo cacheroIvan LópezJesús espinoPablo AlbaYamila morenoTeresa de la torreDavid barragánAndrey AntukhAndrés moyaDaniel HerreroJuan Francisco AlcántaraFoundationantonio de la torrePablo ruizAlejandro AlonsoIn 2011 fourteen people decided to leave their well-paid secure jobs at a big corp and create a new companyprimitivo cacheroIvan LópezJesús espinoPablo AlbaYamila morenoTeresa de la torreDavid barragánAndrey AntukhAndrés moyaDaniel HerreroJuan Francisco AlcántaraThe first name of this company was Ars Code. Fortunately, it was short-lived and it was changed to KaleidosDecemberInnovative2012Xavi Julián1/2/12MarchWork-Life BalanceBOKZUY project is born (Which would in time be known as PATIO) Watch the video JuneFirst successful due diligence for a client startup. They were acquired!""Lucy"" concept is bornDecemberHonesty Financial crisis in Spain goes on. Forced furlough. We come back stronger!201355%Employee stock options are executed. Also, Kaleidos employees ownership rises from 40% to 55%FebruaryOpen SourceWe are very active in Open Source and Agile communities. Hosting meetups, sponsoring events, contributing, giving talks, etc.""Pirate Roberts"" concept is bornMiguel de la Cruz1/4/13Alejandro Gómez6/5/13Alonso Torres6/5/13JuneThe unboxing of our firstfront-end developerRamiro Sánchez1/6/13Anler Hernández13/9/13Mario García7/10/13DecemberJoyAt some point during 2013 ...We discovered Valorio cafe! After numerous misses around the neighbourhood, we're sold to their massive sandwiches and tasty Spanish omelettesTere's video: ""La he liado parda""Git-themed parody video (""I've really messed it up""). Went viral with 100K+ views.2014GrowthOur first project in the UK. Nice!FebruaryStartupJuan de la cruz3/8/14Agile""Iocaine"" concept is born Esther Moreno9/12/14Andrés González12/12/142015With the new recent hires Kaleidos finally brings UX & UI to its coreJoyWe launch Kaleidos Quotes, effectively destroying any kaleider's future political career.AgileTaiga wins the best open source platform award for managing agile projects2016MayMaría Cano-Cortés6/5/16José Manuel Rosa6/5/16HonestyTransparencyKaleidos adopts Economy for the Common Good ModelAn exhaustive audit of Kaleidos practices and values, within the Economy of the Common Good framework. An opportunity to evaluate our principles from an objective and solid point of view.Read the postJulySeeQuestor client launches product with a Live Demo at The Royal Institution (UK).Enjoy the mindblowing video OctoberWe request an ad-hoc workshop: ""assertive and meaningful communication""Taiga wins Agile AwardsRead the postDecember CLECK (Kaleidos Book Reading Club) is born 2017TransparencyKosdem: we decided to use our privilege to stand up openly for our valuesJuneKaleidos White Book is bornAn eternal WIP document about our culture, values and best practices.The Kaleidos White BookJulyStartupTaiga becomes a sustainable and profitable companyClara García Viñola1/8/172018FebruaryWe sponsor a cosmogenic isotopes research expedition linked to climate change, in Antarctica!Read the postSamuel Gómez5/3/18Marina López12/3/18MayMiryam González Duque30/5/18Yamila becomes COO. Tripod becomes ChariotRead the postSeptember1st PHIDAYSOur 2-day internal conference where everyone shares some knowledge, idea or experience to the rest of Kaleidos. It's a blast!2019InnovativeKUXUI is bornA weekly meeting for sharing experiences and learnings about DesignRead the postFebruaryTransparencyThe decision to actively pursue better outward communication is madeAugustWe hire our Communications SpecialistSara Gil Casanova1/7/19NovemberStartupPENPOT company is created2020MarchEster Latorre12/3/20TransparencyCOVID-19 PandemicNatacha Menjibar15/4/20Diversity40% of Kaleidos employees are women, all technicalJuneCovid-19 didn’t stop usWe launch the brand new Decathlon appDecathlon APP Kaleidos employees buy out 100% of the company Read the post2021juneElena Alcalde18/6/21Paula Tienza18/6/21Open SourceProductsKaleidos evolves into his own Open Source products:Read moreWould you like to join us on our next adventure? Do you want to work with us or know more about our story and how we got here? contact usKaleidos INC Sucursal en EspañaMadridSpainContactTerms of useKaleidos Web SVG sprite "
31,t kaleiders,"t kaleiders.  Kaleiders: Kaleidos employees, most co-founders & owners  Página cargandoKaleidersWhat we doCultureOur ProductsContactBlogKaleidersYou're looking at our team. Most of them, Kaleidos co-founders & owners.Paula TienzaCommunications SpecialistCarolina Alves PortugalCustomer Success ManagerXavier JuliánFront-end DeveloperNatacha MenjibarDesignerAlonso TorresEngineerTurnover in Kaleidos has been, on average, ""threequearters-of-a-kaleider"" a year since 2011. Far from being traumatic, these exits broaden our reach and make reunions more sought after.Alejandro AlonsoCIOAitor Moreno MelcónFullstack DeveloperDaniel HerreroEngineerTeresa de la TorreBack-end DeveloperRamiro SánchezFront End DeveloperJuan de la CruzDesignerIt was 2011 and Spain was badly hit by the financial crisis. It was also a time for hope and bold ideas and so 14 people left their well-paid jobs at a big corp and started a great adventure; to create a new type of company.Juanfran AlcántaraEngineerAndrey AntukhEngineerKaleiders, as we like to be called, are not just ""employees"". Most of us are co-founders and all of us can be co-owners.David Barragán MerinoEngineer & Naive CyberactivistEster LatorreVisual DesignerWe made sure we would be able to build digital products from start to finish and that meant having the freedom to setup multiple cross-domain teams.Sonia SánchezCommunications SpecialistMarina LópezFront-end DeveloperEsther MorenoUser Experience DesignerYamila MorenoCOO & IngeniousAndrés MoyaEngineerPeter HanekampGrowth specialistAndrés GonzálezUser ExperienceWe chose to call ourselves Kaleidos, after the Greek root ""of beautiful form"".Marta ArdizonePeople specialistElena Alcalde RuedaCommunications SpecialistWe like to share our knowledge, our values and... yeah, memes too.Pablo AlbaCTOAlmudena SanzAudiovisual Content DesignerEvery new job offer is carefully crafted so that we can feel proud of such an important process. We feel privileged receiving dozens of high quality applications and that's why welcoming any new kaleider is such a joy.Pablo Ruiz MúzquizCEOMiryam González DuqueUser ExperienceClara García ViñolaDesignerEva Marco DomínguezFront-end DeveloperOnce you’re in, you’re in. Ex-kaleiders are kaleiders.We try to reunite every year. Kaleidos White Book (ES) Kaleidos White Book (ES) Inside the office 1 / 7 Our CEO doing ""stuff"" Kaleidos INC Sucursal en EspañaMadridSpainContactTerms of useKaleidos Web SVG sprite "
32,t kaleiders 40826D,"t kaleiders 40826D.  Juanfran Alcántara - Kaleider  Página cargandoKaleidersWhat we doCultureOur ProductsContactBlogJuanfran AlcántaraEngineer Sometimes frontend, sometimes backend, since I was young I love programming, at first creating small games with C++, now creating large web applications with javascript. Always looking for new and better ways to enjoy programming. Heavy music (¡Pantera!), comics (Sandman, Akira...), read (Asimov, Lovecraft...), my favorite books are ""Dracula"" and ""Foundation"", strategy games and board games. Juanfran's toolsAndroidAngularBackbone.jsCoffeeScriptCSS 3GitGrailsGroovyGruntGulpjsHTML 5JavascriptjQueryLESSLinuxTypeScriptTaigaMattermostRXJsNVDANot just a pretty faceExo Investing#INVESTMENT #MANAGEMENTYour investment co-pilot. EXO's goal is to democratise access to the industry's most advanced investment management tools.Go to siteQuanter#agile, #estimationYour Agile estimation experience. Save costs in software development through a clear and objective estimation.Go to siteWorld's #1 Apparel Retailer#ECOMMERCE #CMSNext-gen e-commerce framework and content-management platform for a global segmented audience. Under NDA.Assets Management#MACHINELEARNING #RISK #REPORTING #SAVINGSMachine-learning assisted risk management platform for multi-million-dollar utilities assets. It crunchs data and output knowledge to mitigate risk the smart way.Taiga#agile, #managementFree. Open Source. Powerful. Taiga is a project management platform for startups and agile developers & designers. A Kaleidos start-up.Go to siteDecathlon Sport Meeting#People #SportsDecathlon Sport Meeting is an online platform that aims to unite people through sport.Go to siteOn the blog go to Juanfran's posts go to Juanfran's posts Kaleidos INC Sucursal en EspañaMadridSpainContactTerms of useKaleidos Web SVG sprite "
33,t kaleiders F8CA00,"t kaleiders F8CA00.  Kaleiders: Kaleidos employees, most co-founders & owners  Página cargandoKaleidersWhat we doCultureOur ProductsContactBlogJosé Manuel RosaFront-end Developer Ex-kaleider TV Series, Films, Technology, Learning, Teaching, Surf and Travel, I like to know new people :D. José Manuel's toolsAngularBackbone.jsCoffeeScriptCSS 3GitHTML 5JavascriptMongoDBMySQLPHPPostgreSQLReactRedisSASSNot just a pretty faceExo Investing#INVESTMENT #MANAGEMENTYour investment co-pilot. EXO's goal is to democratise access to the industry's most advanced investment management tools.Go to siteOn the blog go to José Manuel's posts go to José Manuel's posts Kaleidos INC Sucursal en EspañaMadridSpainContactTerms of useKaleidos Web SVG sprite "
34,t,"t.  Kaleidos: Values-driven partner for your tech-heavy startup  Página cargandoKaleidersWhat we doCultureOur ProductsContactBlogBeautiful tech, beautiful valuesWe seek to create transformational impact through our work. We incubate, fund and operate our own open-source based products. discover what we do Esther MorenoUser Experience DesignerAndrés MoyaEngineerAlonso TorresEngineerYamila MorenoCOO & IngeniousNatacha MenjibarDesignerAlejandro AlonsoCIORamiro SánchezFront End DeveloperClara García ViñolaDesignerPablo AlbaCTOTeresa de la TorreBack-end DeveloperDaniel HerreroEngineerJuanfran AlcántaraEngineerPeter HanekampGrowth specialistDavid Barragán MerinoEngineer & Naive CyberactivistMarina LópezFront-end DeveloperMarta ArdizonePeople specialistEster LatorreVisual DesignerAlmudena SanzAudiovisual Content DesignerJuan de la CruzDesignerSonia SánchezCommunications SpecialistCarolina Alves PortugalCustomer Success ManagerAndrey AntukhEngineerElena Alcalde RuedaCommunications SpecialistAitor Moreno MelcónFullstack DeveloperMiryam González DuqueUser ExperienceXavier JuliánFront-end DeveloperPaula TienzaCommunications SpecialistPablo Ruiz MúzquizCEOAndrés GonzálezUser ExperienceEva Marco DomínguezFront-end DeveloperTechnology is not neutralAnd neither are weWe challenge all that we consider toxicWe use our privilege for good learn about our story learn about our story Kaleidos productsYou've probably heard it before. Companies encouraging employees to innovate and share their ideas. Kudos to that.So, at Kaleidos we take this to the next level: We go as far as to make some of those innovative ideas proper products and startups, owned by Kaleidos, employees and external investors.Taiga is an Open Source project management platform for cross-domain agile teams. Its rich feature set and intuitive user interface is enjoyed by 1M+ users worldwide. Visit Taiga The open-source design and prototyping tool for product teams. Designers and developers can finally work in unison to build designed software experiences that truly scale up. Visit Penpot on the blogspreading ourthoughts & know-howInnovation at Kaleidos: why, what and how#cultureOur commitment to innovation is not timid, it's part of our DNA.What these github repos stars are telling us#productsFive years ago we released Taiga to the world and it became an instant fav for thousands of agile teamsDesign, Open Source & Diversity#diversityHow the decisions we make in design might be excluding people. check out our blog We are in search of the next challenge let's get in touch let’s talk Kaleidos INC Sucursal en EspañaMadridSpainContactTerms of useKaleidos Web SVG sprite "
35,t kaleiders 007000,"t kaleiders 007000.  Kaleiders: Kaleidos employees, most co-founders & owners  Página cargandoKaleidersWhat we doCultureOur ProductsContactBlogJesús EspinoEngineer ex-kaleider Software Engineer and Systems Administrator, always seeking to learn and know more about my field and trying to help others as much as I can. Linux, python, films, learning, teaching, intellectual challanges. Jesús's toolsAngularBackbone.jsClojureCoffeeScriptScrumDjangoGitGNULinuxNginxPostgreSQLPythonNot just a pretty faceSalupro#EHEALTH #PLATFORMIt allows you to purchase medical equipment for your hospital from a huge list of suppliers and it will obtain the lowest total price for the entire shopping cart.Go to siteGuía Repsol#DATAMODEL #WEBComprehensive travel guide. A powerful CMS system, a complex data model and a sophisticated map plus a mobile-ready webapp.Go to siteGonway#SOCIAL #WEBGonway is a social network that allows companies and students to meet and better know each other.Taiga#agile, #managementFree. Open Source. Powerful. Taiga is a project management platform for startups and agile developers & designers. A Kaleidos start-up.Go to siteCuVitt#PLATFORM #RECRUITINGTransforming the recruiting process: an intelligent CV that converts into valuable data the key characteristics in people. The company was acquired after a successful technical due dilligence.On the blog go to Jesús's posts go to Jesús's posts Kaleidos INC Sucursal en EspañaMadridSpainContactTerms of useKaleidos Web SVG sprite "
36,t kaleiders B6DA55,"t kaleiders B6DA55.  Kaleiders: Kaleidos employees, most co-founders & owners  Página cargandoKaleidersWhat we doCultureOur ProductsContactBlogAlejandro Gómez Engineer ex-kaleider Software Engineer, enthusiastic about Open Knowledge. I love Free and Open Source Software and try to contribute as much as I can. Flamenco aficionado. Fascinated by Functional Programming. Technology, Functional Programming, FLOSS, Flamenco, Travelling and Literature Alejandro Gómez's toolsClojureNot just a pretty faceGuía Repsol#DATAMODEL #WEBComprehensive travel guide. A powerful CMS system, a complex data model and a sophisticated map plus a mobile-ready webapp.Go to siteOn the blog go to Alejandro Gómez's posts go to Alejandro Gómez's posts Kaleidos INC Sucursal en EspañaMadridSpainContactTerms of useKaleidos Web SVG sprite "
37,t kaleiders 708090,"t kaleiders 708090.  Pablo Alba  Página cargandoKaleidersWhat we doCultureOur ProductsContactBlogPablo AlbaCTO I'm Chief Technology Officer (CTO) at Kaleidos, always concerned about keeping good practices in in-house software development, quality assurance, and selecting the right tech for every challenge. Still, coding is my favorite activity, so I keep myself involved in development as much as I can. Technoloy, gadgets, science, snowboard, hiking, geocaching, motorcycles, adventure, reading, rol, tv series, boardgames, cider, travel, blues harp. Pablo's toolsAndroidApacheGitGNUGrailsGroovyHTML 5JavaJavascriptjQueryLinuxMongoDBMySQLNginxPostgreSQLPythonMicronautDockerTaigaNot just a pretty faceDecathlon App#experience #app #ecommerce #segmentationRadically new Decathlon app in Spain used by 500K+ of users launched during the COVID19 scenario where online purchases skyrocketed.Go to siteExo Investing#INVESTMENT #MANAGEMENTYour investment co-pilot. EXO's goal is to democratise access to the industry's most advanced investment management tools.Go to siteGem-Med#EHEALTH #PLATFORMPlatform for viewing and managing medical exams in cardiology. It sorts and filters and includes alarms based on exams & clinical sessions in real time.Wysh#PLATFORM #TRAVELA new way of designing, planning and enjoy your travel. It gets rid of intermediaries to empower both travellers and local attractions. Trips are a more honest and authentic experience.HF-Predict#machinelearning #ehealth #timeseries #ICU #wearableThe first clinically accurate wearable device and machine learning software for predicting Heart Failure (HF) of a patient.Go to siteDecathlon Sport Meeting#People #SportsDecathlon Sport Meeting is an online platform that aims to unite people through sport.Go to sitePenpot#UX, #design, #prototypeThe open-source solution for design and prototyping digital products and platforms. Early stage, but already considered as a potential Figma-killer.Go to siteOn the blog go to Pablo's posts go to Pablo's posts Kaleidos INC Sucursal en EspañaMadridSpainContactTerms of useKaleidos Web SVG sprite "
38,t terms,"t terms.  Kaleidos.net  Página cargandoKaleidersWhat we doCultureOur ProductsContactBlogThe terms and conditions contained herein govern the use of the website https://kaleidos.net/ (hereinafter, the “Site”), including all of its subdomains and/or other web sites and content or material which are accessed through the Site and its subdomains (if any).The use, access, navigation and visualization of contents hosted in the Site grants the condition of user of the Site and implies the acceptance of all the conditions included in these Terms and Conditions. The aforementioned conditions will be applicable regardless of the general terms and conditions of contracting that may be applicable. The user undertakes to read these Terms and Conditions carefully each time he or she intends to use the Site, as it and its conditions of use contained in these Terms and Conditions may be modified.KALEIDOS may, at any time, modify the provisions contained herein, and they shall be published as they are shown here. The enforceability of these conditions will depend on their disclosure and will be in force until they are modified by other properly published provisions.Site OwnershipThe titleholder of this Site is KALEIDOS INC SUCURSAL EN ESPAÑA, with registered office at Calle Diego de León, 16, planta 2, puerta 7, 28006, Madrid and Tax ID number: ES W0249639F Registered in the Business Registry of Madrid - Volume 44089 Folio 17 Inscription 1 Page M-777660.Email: hello@kaleidos.netIntellectual Property RightsKALEIDOS by itself or as an assignee, is the owner of all intellectual and industrial property rights of the Site, as well as any all elements contained therein and its subdomains (including but not limited to images, sound, audio, video, software or texts; trademarks or logos, combination of logos, structure and design, selection of materials used, computer programs necessary for its operation, access and use, etc.), owned by KALEIDOS or its licensors.By virtue of the provisions contained in the Intellectual Property regulations, the reproduction, distribution and public communication, including its method of making available, of all or part of the contents of this website, for commercial purposes, in any medium and by any technical means, without the authorization of KALEIDOS are expressly prohibited.Users undertake to respect the Intellectual and Industrial Property rights owned by KALEIDOS. As a user you may view the elements of the Site and even print, copy and store them on the hard drive of your computer or on any other physical device provided it is, solely and exclusively, for your personal and private use. As a user you shall refrain from deleting, altering, evading or manipulating any protection device or security system implemented on the Site owned by KALEIDOS.Liability ExemptionThe content, programs, information and/or advice, if any, expressed on this Site should be understood as merely orientative. KALEIDOS is not responsible and/or liable in any way for the effectiveness or accuracy on the content hosted and/or displayed on this Site, being exempt from any contractual or extra-contractual liability towards the users who make use of it and any third parties with regards to the users’ activities through the site, in accordance with the terms and conditions set in these Terms and Conditions.KALEIDOS holds the right to make any changes it deems appropriate to its Site without prior notice, and may change, delete or add both the content and services provided through it and the way in which they are presented or located on its site.Notwithstanding the above, KALEIDOS does not warrant and is not liable for:(i) The continuity of the contents of the Site;(ii) The absence of errors in the contents or services;(iii) The absence of viruses and/or other harmful components in the Site or in the server that provides it;(iv) The invulnerability of the Site and/or the impregnability of the security measures adopted in it;(v) The lack of usefulness or performance of the contents and services of the Site;(vi) Damage or harm caused, to itself or to a third party, by any person who violates the conditions, rules and instructions that KALEIDOS establishes on the Site or through the violation of the security systems of the Site.Should the user become aware of the existence of any unlawful or illegal content, which is illicit or which may involve an infringement of intellectual and/or industrial property rights, or of any other third-party rights, he/she must immediately notify KALEIDOS so that the appropriate measures can be taken.LinksIn the event that the website contains links or hyperlinks to other Internet sites, KALEIDOS will not exercise any type of control over such sites and content. Under no circumstances will KALEIDOS assume any liability for the contents of any link belonging to a third-party website, nor till it guarantees the technical availability, quality, reliability, accuracy, comprehensiveness, veracity, validity and constitutionality of any material of any material or information contained in any of these hyperlinks or other Internet sites. Likewise, the inclusion of these external links will not imply any type of association, merger or participation with the connected entities.Notwithstanding the above, some links will be previously negotiated or agreed with the person responsible for the linked content, so that a consideration is generated for the actions freely taken by the User. This situation will not affect in any case the exclusion of responsibility for the linked content or the independence of this media.Users Terms and ConditionsAccess to this Site is free except for the cost of connection through the telecommunications network provided by the access provider contracted by users.The use of the Site for purposes detrimental to the property or interests of KALEIDOS or any third party or otherwise overloading, damaging or rendering useless the networks, servers and other computer hardware or software products and applications of KALEIDOS or any third party is expressly prohibited.The user assumes full liability for the use of the portal. The user undertakes to make appropriate use of the contents and services (such as chat services, discussion forums or newsgroups) that KALEIDOS offers through its portal and, including, but not limited to, not to use them to:(i) engage in unlawful, illegal or activities contrary to good faith and public order;(ii) disseminate content or propaganda of a racist, xenophobic, pornographic-illegal, apology of terrorism or offensive against human rights;(iii) cause damage to the physical and logical systems of KALEIDOS, its suppliers or third parties, introduce or spread on the network computer viruses or any other physical or logical systems that are likely to cause the aforementioned damage;KALEIDOS will pursue the breach of these conditions, as well as any improper use of its portal exercising all civil and criminal actions that may be applicable in law.MiscellaneaKALEIDOS will pursue any and all breaches of these conditions, as well as any misuse of its Site by exercising all civil and criminal actions that may be applicable in law.In the event that any provision of these Terms and Conditions is considered null and void or unenforceable by the Public Administration or Justice Administration, such invalidity or unenforceability shall not affect the rest of the contents of the Terms and Conditions.The failure of KALEIDOS to exercise or enforce any right or provision contained in these Terms and Conditions shall not constitute a waiver of these Terms and Conditions unless KALEIDOS expressly acknowledges and agrees said waiver in writing.Alteration of these Terms and Conditions and TermKALEIDOS may at any time modify the provisions contained herein, and they shall be published as they are shown here. The enforceability of these conditions will depend on their disclosure and will be in force until they are modified by other properly published provisions.JurisdictionUsers of KALEIDOS expressly submit any dispute that may arise in relation to the interpretation of these Terms and Conditions, or their access and use thereof, to Spanish law and the appropriate Spanish Courts and Tribunals.Contact UsIf you have any questions about the conditions reflected in these Terms and Conditions, or if you wish to make any suggestion or recommendation, please contact us through the following address KALEIDOS at Calle Diego de León, 16, planta 2, puerta 7, 28006, MadridThese Terms and Conditions has been revised and published as of September 29, 2022Kaleidos INC Sucursal en EspañaMadridSpainContactTerms of useKaleidos Web SVG sprite "
39,t kaleiders A82690,"t kaleiders A82690.  Kaleiders: Kaleidos employees, most co-founders & owners  Página cargandoKaleidersWhat we doCultureOur ProductsContactBlogSara Gil CasanovaCommunications Specialist Hoping to contribute to fighting the good fight in technology through communication. Free software enthusiast since the good old days. Science, free culture, technology, feminism, social activism, writing, games, learning new things Sara's toolsAndroidScrumCSS 3GimpGitGNUHTML 5InkscapeLinuxWordpressOn the blog go to Sara's posts Los sesgos en Inteligencia Artificial se corrigen con diversidad #Innovation  #Feminism  Entrevistamos a una de las mayores expertas en Inteligencia Artificial del país, Lorena Fernández, directora de comunicación digital en la Universidad de Deusto, ingeniera informática y referente en España de divulgación sobre STEAM (Science, Technology, Engineering, Art y Mathematics) con perspectiva de género. go to Sara's posts Kaleidos INC Sucursal en EspañaMadridSpainContactTerms of useKaleidos Web SVG sprite "
40,t contact,t contact.  Get in touch  Página cargandoKaleidersWhat we doCultureOur ProductsContactBlogGet in touchhello@kaleidos.netMadridSpainKaleidos INC Sucursal en EspañaMadridSpainContactTerms of useKaleidos Web SVG sprite 
41,t kaleiders 761CEC,"t kaleiders 761CEC.  Pablo Ruiz Múzquiz - Kaleider  Página cargandoKaleidersWhat we doCultureOur ProductsContactBlogPablo Ruiz MúzquizCEO As CEO at Kaleidos I have got a unique perspective on what it takes to help move forward a company like ours. I am trusted with the key responsibility of selecting fun and challenging projects, make sure employees fully enjoy their work and that our partners love what we are building. Geekism, science, free software, community practices, fantasy and science fiction literature, good skepticism, RPGs, videogames, writing and traditional archery. Pablo's toolsApacheScrumDjangoEmacsGimpGitGNUInkscapeLinuxMechanical KeyboardNginxPostgreSQLPythonTaigaNot just a pretty faceExo Investing#INVESTMENT #MANAGEMENTYour investment co-pilot. EXO's goal is to democratise access to the industry's most advanced investment management tools.Go to siteTOKAI#EHEALTH #PLATFORMThe game changer in allergies. A novel platform technology for multiplexed testing that is revolutionising the way allergies are tested for and managed.Quanter#agile, #estimationYour Agile estimation experience. Save costs in software development through a clear and objective estimation.Go to siteSalupro#EHEALTH #PLATFORMIt allows you to purchase medical equipment for your hospital from a huge list of suppliers and it will obtain the lowest total price for the entire shopping cart.Go to siteGuía Repsol#DATAMODEL #WEBComprehensive travel guide. A powerful CMS system, a complex data model and a sophisticated map plus a mobile-ready webapp.Go to siteN-Leach by YARA#SIMULATIONS #SCIENCEScience based tool to simulate the impact of fertilizer. N-Leach illustrates the impact of irrigation on leaching risks.Go to siteGonway#SOCIAL #WEBGonway is a social network that allows companies and students to meet and better know each other.Gem-Med#EHEALTH #PLATFORMPlatform for viewing and managing medical exams in cardiology. It sorts and filters and includes alarms based on exams & clinical sessions in real time.On the blog go to Pablo's posts El full remote, mejor sin improvisación #Agile  #Innovation  #Culure  El full remote en las empresas, sobre todo en el mundo de la tecnología, está en alza en el imaginario colectivo post-pandemia, pero echo en falta un debate de mayor calidad tanto sobre las razones para no querer implantarlo como para hacerlo. Taiga y Penpot abanderan nuestra nueva etapa #Culture  #Innovation  #Open source  #Español  Los mejores proyectos son los que nunca envejecen, los que te siguen sorprendiendo y, sobre todo, los que se desarrollan en la mejor compañía. go to Pablo's posts Kaleidos INC Sucursal en EspañaMadridSpainContactTerms of useKaleidos Web SVG sprite "
42,t kaleiders 71A6D2,"t kaleiders 71A6D2.  Daniel Herrero - Kaleider  Página cargandoKaleidersWhat we doCultureOur ProductsContactBlogDaniel HerreroEngineer Software Engineer, open to any technology or approach to a problem. Committed to continuous learning and doing things well. (Oh, and I'm the official photographer here, or so they say...) Photography, cycling, inline skating, open water diving, skiing, technology, travelling, nature Daniel's toolsAngularScrumDjangoGitGNUGrailsGroovyHTML 5JavaJavascriptjQueryLinuxMySQLPHPPostgreSQLPythonMicronautAnsibleGraphQLTaigaNot just a pretty faceSeeQuestor#machinelearning #video #crime #forensicMachine learning powered video forensic analysis platform to help law enforcement agencies solve major crimes.Go to siteTaiga#agile, #managementFree. Open Source. Powerful. Taiga is a project management platform for startups and agile developers & designers. A Kaleidos start-up.Go to siteDecathlon Sport Meeting#People #SportsDecathlon Sport Meeting is an online platform that aims to unite people through sport.Go to siteOn the blog go to Daniel's posts go to Daniel's posts Kaleidos INC Sucursal en EspañaMadridSpainContactTerms of useKaleidos Web SVG sprite "
43,t kaleiders A60570,"t kaleiders A60570.  Juan de la Cruz - Kaleider  Página cargandoKaleidersWhat we doCultureOur ProductsContactBlogJuan de la CruzDesigner Creating experiences and feelings is my passion. One of my favorites ways to do this is contact to the user trough apps and websites. I am really passionate about design and the whole process of creating and making up new ideas and concepts. Painter, cartoonist, drummer and snowboarder. I love all stuff about comics and videogames. Juan's toolsScrumCSS 3GimpGitHTML 5InkscapeLESSLinuxMarkersSASSVimBlenderKritaPostCSSVSCodePost-itsTaigaPenpotNot just a pretty faceDecathlon App#experience #app #ecommerce #segmentationRadically new Decathlon app in Spain used by 500K+ of users launched during the COVID19 scenario where online purchases skyrocketed.Go to siteExo Investing#INVESTMENT #MANAGEMENTYour investment co-pilot. EXO's goal is to democratise access to the industry's most advanced investment management tools.Go to siteTOKAI#EHEALTH #PLATFORMThe game changer in allergies. A novel platform technology for multiplexed testing that is revolutionising the way allergies are tested for and managed.Quanter#agile, #estimationYour Agile estimation experience. Save costs in software development through a clear and objective estimation.Go to siteWysh#PLATFORM #TRAVELA new way of designing, planning and enjoy your travel. It gets rid of intermediaries to empower both travellers and local attractions. Trips are a more honest and authentic experience.HF-Predict#machinelearning #ehealth #timeseries #ICU #wearableThe first clinically accurate wearable device and machine learning software for predicting Heart Failure (HF) of a patient.Go to siteTaiga#agile, #managementFree. Open Source. Powerful. Taiga is a project management platform for startups and agile developers & designers. A Kaleidos start-up.Go to sitePenpot#UX, #design, #prototypeThe open-source solution for design and prototyping digital products and platforms. Early stage, but already considered as a potential Figma-killer.Go to siteOn the blog go to Juan's posts go to Juan's posts Kaleidos INC Sucursal en EspañaMadridSpainContactTerms of useKaleidos Web SVG sprite "
44,t kaleiders E32841,"t kaleiders E32841.  Ramiro Sánchez - Kaleider  Página cargandoKaleidersWhat we doCultureOur ProductsContactBlogRamiro SánchezFront End Developer Involved in both Internet and the design world since I was very young, I decided to focus my professional career towards graphic design and frontend engineering learning as much as possible to become a good web frontend engineer. Sometimes I get myself inside a giant cardboard box and pretend to be a robot. Videogames, board games,high fidelity controllers, windjammers, animated gifs, rugby, manga, anime, gadgets, roleplaying games. e-sports, space station 13. Ramiro's toolsAngularScrumCSS 3GimpGitHTML 5InkscapeJavascriptMechanical KeyboardSASSPostCSSNode.jsVSCodeTypeScriptTaigaMattermostNVDANot just a pretty faceExo Investing#INVESTMENT #MANAGEMENTYour investment co-pilot. EXO's goal is to democratise access to the industry's most advanced investment management tools.Go to siteWorld's #1 Apparel Retailer#ECOMMERCE #CMSNext-gen e-commerce framework and content-management platform for a global segmented audience. Under NDA.Guía Repsol#DATAMODEL #WEBComprehensive travel guide. A powerful CMS system, a complex data model and a sophisticated map plus a mobile-ready webapp.Go to siteFinhub(Now rebranded as EXO platform) Your investment co-pilot. EXO platform gives you access to exceptional tools once the preserve of institutional investors, enabling us to build an individual portfolio based on your ideas. Its goal is to democratise access to the industry's most advanced investment management tools.Go to siteTaiga#agile, #managementFree. Open Source. Powerful. Taiga is a project management platform for startups and agile developers & designers. A Kaleidos start-up.Go to siteDecathlon Sport Meeting#People #SportsDecathlon Sport Meeting is an online platform that aims to unite people through sport.Go to siteOn the blog go to Ramiro's posts go to Ramiro's posts Kaleidos INC Sucursal en EspañaMadridSpainContactTerms of useKaleidos Web SVG sprite "
45,t kaleiders E1AD01,"t kaleiders E1AD01.  Eva Marco Domínguez - Kaleider  Página cargandoKaleidersWhat we doCultureOur ProductsContactBlogEva Marco DomínguezFront-end Developer Programming is like playing a graphic adventure where you have some tools you must solve the mystery with. I love solving mysteries!! I also love the sea, cats, reading fantasy novels, practicing aikido, watercolor painting, knitting, crocheting, making my own t-shirts and, actually, any craft Eva's toolsCSS 3GitHTML 5JavascriptjQueryLESSMechanical KeyboardReactSASSPostCSSVSCodeTypeScriptTaigaPenpotNot just a pretty facePenpot#UX, #design, #prototypeThe open-source solution for design and prototyping digital products and platforms. Early stage, but already considered as a potential Figma-killer.Go to siteOn the blog go to Eva's posts go to Eva's posts Kaleidos INC Sucursal en EspañaMadridSpainContactTerms of useKaleidos Web SVG sprite "
46,t kaleiders C0FF33,"t kaleiders C0FF33.  Kaleiders: Kaleidos employees, most co-founders & owners  Página cargandoKaleidersWhat we doCultureOur ProductsContactBlogMiguel de la CruzEngineer ex-kaleider Software Engineer and Sysadmin, I love the development world, the free software and its community. I love simple solutions applied to complex problems, the learning of new technologies and best practices related to programming. I am a strong supporter of teamwork and text interfaces. Technology, software development, gadgets, martial arts, reading, videogames, science fiction, RPGs, TV series and coffee. Miguel's toolsClojureEmacsGitGNUGroovyGulpjsJavaJavascriptLinuxMechanical KeyboardMongoDBNginxPostgreSQLPythonReactNot just a pretty faceYump LabA platform to provide a measurable impact on behavioural change for people. It is an immersive and videogame-like web experience, a 9 week program that uses custom made videopills for each individual.Go to siteWysh#PLATFORM #TRAVELA new way of designing, planning and enjoy your travel. It gets rid of intermediaries to empower both travellers and local attractions. Trips are a more honest and authentic experience.SeeQuestor#machinelearning #video #crime #forensicMachine learning powered video forensic analysis platform to help law enforcement agencies solve major crimes.Go to siteOn the blog go to Miguel's posts go to Miguel's posts Kaleidos INC Sucursal en EspañaMadridSpainContactTerms of useKaleidos Web SVG sprite "
47,t kaleiders FF8A80,"t kaleiders FF8A80.  Marina López - Kaleider  Página cargandoKaleidersWhat we doCultureOur ProductsContactBlogMarina LópezFront-end Developer Curious person who likes to learn new technologies and good practices to continue improving myself. I feel happy everytime I solve a little problem. My motto, as Albert Einstein said, is ""The human spirit must prevail over technology."" I love travelling, sunny days, skiing, hiit, and macarons. Expert carrot cake baker. Quokka, goat and capybara fan. Marina's toolsAngularBackbone.jsCSS 3GitGruntGulpjsHTML 5JavascriptjQueryLESSSASSVue.jsPostCSSVSCodeNativeScriptTypeScriptTaigaRXJsNVDANot just a pretty faceDecathlon App#experience #app #ecommerce #segmentationRadically new Decathlon app in Spain used by 500K+ of users launched during the COVID19 scenario where online purchases skyrocketed.Go to siteWorld's #1 Apparel Retailer#ECOMMERCE #CMSNext-gen e-commerce framework and content-management platform for a global segmented audience. Under NDA.Taiga#agile, #managementFree. Open Source. Powerful. Taiga is a project management platform for startups and agile developers & designers. A Kaleidos start-up.Go to siteOn the blog go to Marina's posts Cómo organizar actividades divertidas en el trabajo #Culture  #Español  En Kaleidos nos encanta realizar actividades que no estén relacionadas en absoluto con el trabajo. Es donde aprovechamos para conocernos mejor, pasar un buen rato, desconectar de la rutina y donde se crea ese buen rollo que tenemos.Fun activities at our workplace #Culture  #English  At Kaleidos, we love organizing fun activities at work that are non-work related. That’s the space where we get to know each other, have a good time and unwind from the daily routine. go to Marina's posts Kaleidos INC Sucursal en EspañaMadridSpainContactTerms of useKaleidos Web SVG sprite "
48,t kaleiders 67CF00,"t kaleiders 67CF00.  Kaleiders: Kaleidos employees, most co-founders & owners  Página cargandoKaleidersWhat we doCultureOur ProductsContactBlogAntonio de la TorreDeveloper and Agile Instigator Ex-kaleider Educated as Computer Scientist. After several positions in top IT companies, he found his place amongst a group of professionals not interested in their role in the company but in creating beautiful code. This tribe blended their new way of understanding the software development craft. Today, still wanted by the market, he survives as a Groovy & Grails soldier and hacking some Agile coaching with his workmates. In his free time dreams about the best integration of all profiles in the development A-team, especially BA Baracus-style designers. Team dynamics, Developing in Groovy & Grails, Learning Javascript, Functional Programming and Agile Coaching. Antonio's toolsScrumEmacsGitGNUGrailsGroovyHTML 5JavaJavascriptjQueryLinuxMechanical KeyboardMongoDBPostgreSQLVimNot just a pretty faceWysh#PLATFORM #TRAVELA new way of designing, planning and enjoy your travel. It gets rid of intermediaries to empower both travellers and local attractions. Trips are a more honest and authentic experience.Taiga#agile, #managementFree. Open Source. Powerful. Taiga is a project management platform for startups and agile developers & designers. A Kaleidos start-up.Go to siteDecathlon Sport Meeting#People #SportsDecathlon Sport Meeting is an online platform that aims to unite people through sport.Go to siteOn the blog go to Antonio's posts go to Antonio's posts Kaleidos INC Sucursal en EspañaMadridSpainContactTerms of useKaleidos Web SVG sprite "
49,t kaleiders FF9900,"t kaleiders FF9900.  Mario García - Kaleider  Página cargandoKaleidersWhat we doCultureOur ProductsContactBlogMario GarcíaEngineer Software engineer. Always trying to learn something new at work. I rather program in the JVM but I'd do it anywhere else eventually. I don't usually start anything without testing it in the first place - there're exceptions of course ;) - A full moon, testing, having a coffee at Bald Barista, coding, walking downtown, refactoring, and all over again :) Mario's toolsAndroidClojureEmacsGitGrailsGroovyJavaJavascriptLinuxPostgreSQLRabbitMQReactPostCSSNot just a pretty faceYump LabA platform to provide a measurable impact on behavioural change for people. It is an immersive and videogame-like web experience, a 9 week program that uses custom made videopills for each individual.Go to siteHF-Predict#machinelearning #ehealth #timeseries #ICU #wearableThe first clinically accurate wearable device and machine learning software for predicting Heart Failure (HF) of a patient.Go to siteAssets Management#MACHINELEARNING #RISK #REPORTING #SAVINGSMachine-learning assisted risk management platform for multi-million-dollar utilities assets. It crunchs data and output knowledge to mitigate risk the smart way.SeeQuestor#machinelearning #video #crime #forensicMachine learning powered video forensic analysis platform to help law enforcement agencies solve major crimes.Go to siteOn the blog go to Mario's posts go to Mario's posts Kaleidos INC Sucursal en EspañaMadridSpainContactTerms of useKaleidos Web SVG sprite "
50,t kaleiders FFFF00,"t kaleiders FFFF00.  Alonso Torres - Kaleider  Página cargandoKaleidersWhat we doCultureOur ProductsContactBlogAlonso TorresEngineer Software engineer, geek, black-belt debugger and father. What I love the most about programming is to be able to always have a new challenge that needs to be solved. I try to find always the best possible solution while having fun doing it. Photography, Go (Baduk, Weiqi), Science Fiction. Alonso's toolsClojureEmacsGitGrailsGroovyJavaJavascriptLinuxMechanical KeyboardPostgreSQLPythonRabbitMQReactTaigaNot just a pretty faceWorld's #1 Apparel Retailer#ECOMMERCE #CMSNext-gen e-commerce framework and content-management platform for a global segmented audience. Under NDA.SeeQuestor#machinelearning #video #crime #forensicMachine learning powered video forensic analysis platform to help law enforcement agencies solve major crimes.Go to siteDecathlon Sport Meeting#People #SportsDecathlon Sport Meeting is an online platform that aims to unite people through sport.Go to sitePenpot#UX, #design, #prototypeThe open-source solution for design and prototyping digital products and platforms. Early stage, but already considered as a potential Figma-killer.Go to siteOn the blog go to Alonso's posts go to Alonso's posts Kaleidos INC Sucursal en EspañaMadridSpainContactTerms of useKaleidos Web SVG sprite "
51,t kaleiders 2099DB,"t kaleiders 2099DB.  Kaleiders: Kaleidos employees, most co-founders & owners  Página cargandoKaleidersWhat we doCultureOur ProductsContactBlogAnler HernándezEngineer ex-kaleider Software Engineer. We are what we read. I love books, I love to be creative, learn from creative solutions and possess creative gadgets, I strongly believe that the better solution should be the simplest one and that you should always do a great effort in making what you do beautiful, no matter if it's code or anything else. Books, haskell, python, lisp, emacs, science, food, music and craft beer Anler's toolsAngularDjangoEmacsGitGNUHTML 5JavascriptLinuxMechanical KeyboardPostgreSQLPythonRabbitMQNot just a pretty faceWysh#PLATFORM #TRAVELA new way of designing, planning and enjoy your travel. It gets rid of intermediaries to empower both travellers and local attractions. Trips are a more honest and authentic experience.Taiga#agile, #managementFree. Open Source. Powerful. Taiga is a project management platform for startups and agile developers & designers. A Kaleidos start-up.Go to siteOn the blog go to Anler's posts go to Anler's posts Kaleidos INC Sucursal en EspañaMadridSpainContactTerms of useKaleidos Web SVG sprite "
